[{"itemId":"IT001","quantity":13,"price":10.0,"name":"Pencil"},{"itemId":"IT002","quantity":31,"price":15.0,"name":"BallPen"},{"itemId":"IT003","quantity":101,"price":35.0,"name":"NoteBook"},{"itemId":"IT004","quantity":21,"price":40.0,"name":"Highlighter"},{"itemId":"IT005","quantity":98,"price":1.0,"name":"Eraser"},{"itemId":"IT006","quantity":949,"price":100.0,"name":"Manila Paper"},{"itemId":"IT007","quantity":8,"price":12.0,"name":"Ruler"},{"itemId":"IT008","quantity":65,"price":3.0,"name":"A4 Bond Paper"},{"itemId":"IT009","quantity":34,"price":3.0,"name":"Colored Paper"},{"itemId":"IT010","quantity":84,"price":15.0,"name":"Iluustration Board"},{"itemId":"IT011","quantity":50,"price":500.0,"name":"Mazda Rx-7"},{"itemId":"IT012","quantity":1000,"price":100000.0,"name":"Ferrari"},{"itemId":"IT013","quantity":50,"price":1000000.0,"name":"Toyota Supra Mk1"},{"itemId":"IT014","quantity":1,"price":1.0,"name":"Mitch"},{"itemId":"IT015","quantity":23,"price":1.0,"name":"Supa Nigga Mayor"},{"itemId":"IT016","quantity":1,"price":1.0,"name":"Nail"},{"itemId":"IT017","quantity":15,"price":1.0,"name":"Qian"}]