[{"date":"17\/04\/2025","orderId":"ORD003","totalPrice":12.0,"items":[{"itemId":"IT004","itemName":"Books","quantity":3,"price":4.0}],"status":"Completed"},{"date":"17\/04\/2025","orderId":"ORD004","totalPrice":8.0,"items":[{"itemId":"IT004","itemName":"Books","quantity":2,"price":4.0}],"status":"Completed"},{"date":"17\/04\/2025","orderId":"ORD005","totalPrice":20.0,"items":[{"itemId":"IT003","itemName":"Pencil","quantity":10,"price":2.0}],"status":"Completed"},{"date":"19\/04\/2025","orderId":"ORD009","totalPrice":175.0,"items":[{"itemId":"IT003","itemName":"NoteBook","quantity":5,"price":35.0}],"status":"Completed"},{"date":"19\/04\/2025","orderId":"ORD010","totalPrice":90.0,"items":[{"itemId":"IT002","itemName":"BallPen","quantity":6,"price":15.0}],"status":"Completed"},{"date":"19\/04\/2025","orderId":"ORD011","totalPrice":160.0,"items":[{"itemId":"IT004","itemName":"Highlighter","quantity":4,"price":40.0}],"status":"Completed"},{"date":"19\/04\/2025","orderId":"ORD012","totalPrice":175.0,"items":[{"itemId":"IT003","itemName":"NoteBook","quantity":5,"price":35.0}],"status":"Completed"},{"date":"20\/04\/2025","orderId":"ORD013","totalPrice":175.0,"items":[{"itemId":"IT003","itemName":"NoteBook","quantity":5,"price":35.0}],"status":"Completed"},{"date":"20\/04\/2025","orderId":"ORD015","totalPrice":335.0,"items":[{"itemId":"IT003","itemName":"NoteBook","quantity":5,"price":35.0},{"itemId":"IT004","itemName":"Highlighter","quantity":4,"price":40.0}],"status":"Completed"},{"date":"20\/04\/2025","orderId":"ORD016","totalPrice":40.0,"items":[{"itemId":"IT001","itemName":"Pencil","quantity":4,"price":10.0}],"status":"Completed"},{"date":"21\/04\/2025","orderId":"ORD017","totalPrice":3.0,"items":[{"itemId":"IT017","itemName":"Qian","quantity":3,"price":1.0}],"status":"Completed"},{"date":"21\/04\/2025","orderId":"ORD018","totalPrice":140.0,"items":[{"itemId":"IT003","itemName":"NoteBook","quantity":4,"price":35.0}],"status":"Completed"},{"date":"21\/04\/2025","orderId":"ORD019","totalPrice":22.0,"items":[{"itemId":"IT001","itemName":"Pencil","quantity":2,"price":10.0},{"itemId":"IT005","itemName":"Eraser","quantity":2,"price":1.0}],"status":"Completed"},{"date":"21\/04\/2025","orderId":"ORD020","totalPrice":144.0,"items":[{"itemId":"IT007","itemName":"Ruler","quantity":12,"price":12.0}],"status":"Completed"}]